John,Howie,jh@test.com,7 Tomscot Way,Pampas Chico,4/13/2017
Cathy,Deer,cd6@test.co.au,535 Basil Terrace,Magapit,12/17/2016
Gra,Wis,gw@test.com,162 Debra Lane,Shiquanhe,6/6/2017
Ivy,Case,ic@test.com,84 Holmberg Pass,Campina Grande,3/29/2017
Cesar,Hok,ch9@test.com,5 7th Pass,Miami,12/21/2016
Wallis,Sizey,wsizeyf@test.com,36761 American Lane,Taibao,12/30/2016
Di,McGowran,dmcgowrang@test.com,1856 Maple Lane,Banjar Bengkelgede,4/22/2017
Carson,Bedder,cbedderh@test.co.au,71 Clyde Gallagher Place,Leninskoye,3/29/2017
Dana,Avory,davoryi@test.com,2 Holy Cross Pass,Wenlin,5/11/2017
Ronny,Talmadge,rtalmadgej@test.co.uk,588 Chinook Street,Yawata,6/2/2017
Lem,Boissier,lboissier@test.com,3002 Ruskin Trail,Shikārpur,8/25/2017
Iain,Hanks,ihanks1@test.com,2 Pankratz Hill,Monte-Carlo,12/10/2017
Avo,Laudham,alaudham2@test.com,6948 Debs Park,Prażmów,10/18/2017
Emili,Cornner,ecornner3@test.com,177 Magdeline Avenue,Norrköping,8/13/2017
Harrietta,Goolding,hgoolding4@test.com,450 Heath Trail,Osielsko,11/27/2017
Hollis,Anneslie,hanneslieb@test.com,3248 Roth Park,Aleysk,11/16/2017
Betti,Cicco,bciccoc@test.com,121 Victoria Junction,Sinegor'ye,6/22/2017
Brendon,Durnall,bdurnalld@test.com,26814 Weeping Birch Place,Sabadell,11/14/2017
Kylila,MacConnal,kmacconnale@test.com,04 Valley Edge Court,Qingshu,6/22/2017
Arlene,Davidovits,adavidovitsk@test.com,7571 New Castle Circle,Meniko,5/3/2017
Violette,Shermore,vshermorel@test.com,899 Merchant Center,Troitsk,1/19/2017
Ron,Mattys,rmattysm@test.com,423 Lien Pass,Bayaguana,11/15/2017
Shurlocke,Oluwatoyin,soluwatoyinn@test.com,40637 Portage Avenue,Semënovskoye,9/12/2017
Granger,Bassford,gbassfordo@test.co.uk,6 American Ash Circle,Kardítsa,12/30/2016
